"Infrastructure_Change_ID","Support_Group_Name"
"CRQ000000000529","Ops_Sup_ITSM"
"CRQ000000005273","SA_Change Management"
"CRQ000000015006","SA_Change Management"
"CRQ000000015009","SA_Change Management"
"CRQ000000015101","SA_Change Management"
"CRQ000000015103","SA_Change Management"
"CRQ000000015104","SA_Change Management"
"CRQ000000015105","SA_Change Management"
"CRQ000000015106","SA_Change Management"
"CRQ000000015107","SA_Change Management"
"CRQ000000015109","SA_Change Management"
"CRQ000000015203","SA_Change Management"
"CRQ000000015204","SA_Change Management"
"CRQ000000015205","SA_Change Management"
"CRQ000000015206","SA_Change Management"
"CRQ000000015207","SA_Change Management"
"CRQ000000015208","SA_Change Management"
"CRQ000000015302","SA_Change Management"
"CRQ000000015303","SA_Change Management"
"CRQ000000015305","SA_Change Management"
"CRQ000000015402","SA_Change Management"
"CRQ000000015403","SA_Change Management"
"CRQ000000015503","SA_Change Management"
"CRQ000000015505","SA_Change Management"
"CRQ000000015601","SA_Change Management"
"CRQ000000015604","SA_Change Management"
"CRQ000000015605","SA_Change Management"
"CRQ000000015606","SA_Change Management"
"CRQ000000015607","SA_Change Management"
"CRQ000000015609","SA_Change Management"
"CRQ000000015610","SA_Change Management"
"CRQ000000015613","SA_Change Management"
"CRQ000000015618","SA_Change Management"
"CRQ000000015619","SA_Change Management"
"CRQ000000015621","SA_Change Management"
"CRQ000000015701","SA_Change Management"
"CRQ000000015702","SA_Change Management"
"CRQ000000015703","SA_Change Management"
"CRQ000000015704","SA_Change Management"
"CRQ000000015705","SA_Change Management"
"CRQ000000015706","SA_Change Management"
"CRQ000000015708","SA_Change Management"
"CRQ000000015709","SA_Change Management"
"CRQ000000015710","SA_Change Management"
"CRQ000000015711","SA_Change Management"
"CRQ000000015712","SA_Change Management"
"CRQ000000015713","SA_Change Management"
"CRQ000000015716","SA_Change Management"
"CRQ000000015717","SA_Change Management"
"CRQ000000015718","SA_Change Management"
"CRQ000000015721","SA_Change Management"
"CRQ000000015723","SA_Change Management"
"CRQ000000015724","SA_Change Management"
"CRQ000000015801","SA_Change Management"
"CRQ000000015802","SA_Change Management"
"CRQ000000015805","SA_Change Management"
"CRQ000000015902","SA_Change Management"
"CRQ000000015907","SA_Change Management"
"CRQ000000015908","SA_Change Management"
"CRQ000000015909","SA_Change Management"
"CRQ000000015910","SA_Change Management"
"CRQ000000015911","SA_Change Management"
"CRQ000000016002","SA_Change Management"
"CRQ000000016005","SA_Change Management"
"CRQ000000016007","SA_Change Management"
"CRQ000000016009","SA_Change Management"
"CRQ000000016011","SA_Change Management"
"CRQ000000016012","SA_Change Management"
"CRQ000000016013","SA_Change Management"
"CRQ000000016014","SA_Change Management"
"CRQ000000016015","SA_Change Management"
"CRQ000000016018","SA_Change Management"
"CRQ000000016020","SA_Change Management"
"CRQ000000016021","SA_Change Management"
"CRQ000000016022","SA_Change Management"
"CRQ000000016024","SA_Change Management"
"CRQ000000016026","SA_Change Management"
"CRQ000000016101","SA_Change Management"
"CRQ000000016103","SA_Change Management"
"CRQ000000016109","SA_Change Management"
"CRQ000000016110","SA_Change Management"
"CRQ000000016113","SA_Change Management"
"CRQ000000016115","SA_Change Management"
"CRQ000000016116","SA_Change Management"
"CRQ000000016117","SA_Change Management"
"CRQ000000016121","SA_Change Management"
"CRQ000000016128","SA_Change Management"
"CRQ000000016129","SA_Change Management"
"CRQ000000016126","SA_Change Management"
"CRQ000000016302","SA_Change Management"
"CRQ000000016310","SA_Change Management"
"CRQ000000016311","SA_Change Management"
"CRQ000000016314","SA_Change Management"
"CRQ000000016315","SA_Change Management"
"CRQ000000016320","SA_Change Management"
"CRQ000000016325","SA_Change Management"
"CRQ000000016326","SA_Change Management"
"CRQ000000016327","SA_Change Management"
"CRQ000000016329","SA_Change Management"
"CRQ000000016337","SA_Change Management"
"CRQ000000016338","SA_Change Management"
"CRQ000000016341","SA_Change Management"
"CRQ000000016342","SA_Change Management"
"CRQ000000016346","SA_Change Management"
"CRQ000000016348","SA_Change Management"
"CRQ000000016350","SA_Change Management"
"CRQ000000016351","SA_Change Management"
"CRQ000000016352","SA_Change Management"
"CRQ000000016353","SA_Change Management"
"CRQ000000016354","SA_Change Management"
"CRQ000000016356","SA_Change Management"
"CRQ000000016357","SA_Change Management"
"CRQ000000016358","SA_Change Management"
"CRQ000000016401","SA_Change Management"
"CRQ000000016505","SA_Change Management"
"CRQ000000016506","SA_Change Management"
"CRQ000000016509","SA_Change Management"
"CRQ000000016510","SA_Change Management"
"CRQ000000016512","SA_Change Management"
"CRQ000000016513","SA_Change Management"
"CRQ000000016514","SA_Change Management"
"CRQ000000016515","SA_Change Management"
"CRQ000000016516","SA_Change Management"
"CRQ000000016517","SA_Change Management"
"CRQ000000016518","SA_Change Management"
"CRQ000000016519","SA_Change Management"
"CRQ000000016520","SA_Change Management"
"CRQ000000016521","SA_Change Management"
"CRQ000000016601","SA_Change Management"
"CRQ000000016602","SA_Change Management"
"CRQ000000016603","SA_Change Management"
"CRQ000000016604","SA_Change Management"
"CRQ000000016605","SA_Change Management"
"CRQ000000016607","SA_Change Management"
"CRQ000000016608","SA_Change Management"
"CRQ000000016609","SA_Change Management"
"CRQ000000016610","SA_Change Management"
"CRQ000000016615","SA_Change Management"
"CRQ000000016616","SA_Change Management"
"CRQ000000016701","SA_Change Management"
"CRQ000000016702","SA_Change Management"
"CRQ000000016704","SA_Change Management"
"CRQ000000016705","SA_Change Management"
"CRQ000000016710","SA_Change Management"
"CRQ000000016711","SA_Change Management"
"CRQ000000016712","SA_Change Management"
"CRQ000000016713","SA_Change Management"
"CRQ000000016717","SA_Change Management"
"CRQ000000016718","SA_Change Management"
"CRQ000000016719","SA_Change Management"
"CRQ000000016720","SA_Change Management"
"CRQ000000016721","SA_Change Management"
"CRQ000000016804","SA_Change Management"
"CRQ000000016806","SA_Change Management"
"CRQ000000016808","SA_Change Management"
"CRQ000000016809","SA_Change Management"
"CRQ000000016810","SA_Change Management"
"CRQ000000016812","SA_Change Management"
"CRQ000000016813","SA_Change Management"
"CRQ000000016814","SA_Change Management"
"CRQ000000016816","SA_Change Management"
"CRQ000000016817","SA_Change Management"
"CRQ000000016818","SA_Change Management"
"CRQ000000016901","SA_Change Management"
"CRQ000000016903","SA_Change Management"
"CRQ000000016904","SA_Change Management"
"CRQ000000016908","SA_Change Management"
"CRQ000000016909","SA_Change Management"
"CRQ000000016910","SA_Change Management"
"CRQ000000016911","SA_Change Management"
"CRQ000000017001","SA_Change Management"
"CRQ000000017003","SA_Change Management"
"CRQ000000017004","SA_Change Management"
"CRQ000000017005","SA_Change Management"
"CRQ000000017006","SA_Change Management"
"CRQ000000017008","SA_Change Management"
"CRQ000000017009","SA_Change Management"
"CRQ000000017010","SA_Change Management"
"CRQ000000017011","SA_Change Management"
"CRQ000000017014","SA_Change Management"
"CRQ000000017015","SA_Change Management"
"CRQ000000017017","SA_Change Management"
"CRQ000000017018","SA_Change Management"
"CRQ000000017019","SA_Change Management"
"CRQ000000017020","SA_Change Management"
"CRQ000000017021","SA_Change Management"
"CRQ000000017024","SA_Change Management"
"CRQ000000017025","SA_Change Management"
"CRQ000000017026","SA_Change Management"
"CRQ000000017027","SA_Change Management"
"CRQ000000017032","SA_Change Management"
"CRQ000000017033","SA_Change Management"
"CRQ000000017034","SA_Change Management"
"CRQ000000017035","SA_Change Management"
"CRQ000000017036","SA_Change Management"
"CRQ000000017037","SA_Change Management"
"CRQ000000017040","SA_Change Management"
"CRQ000000017043","SA_Change Management"
"CRQ000000017044","SA_Change Management"
"CRQ000000017045","SA_Change Management"
"CRQ000000017046","SA_Change Management"
"CRQ000000017048","SA_Change Management"
"CRQ000000017049","SA_Change Management"
"CRQ000000017050","SA_Change Management"
"CRQ000000017051","SA_Change Management"
"CRQ000000017052","SA_Change Management"
"CRQ000000017053","SA_Change Management"
"CRQ000000017058","SA_Change Management"
"CRQ000000017059","SA_Change Management"
"CRQ000000017061","SA_Change Management"
"CRQ000000017062","SA_Change Management"
"CRQ000000017063","SA_Change Management"
"CRQ000000017064","SA_Change Management"
"CRQ000000017068","SA_Change Management"
"CRQ000000017069","SA_Change Management"
"CRQ000000017070","SA_Change Management"
"CRQ000000017071","SA_Change Management"
"CRQ000000017073","SA_Change Management"
"CRQ000000017076","SA_Change Management"
"CRQ000000017078","SA_Change Management"
"CRQ000000017080","SA_Change Management"
"CRQ000000017081","SA_Change Management"
"CRQ000000017082","SA_Change Management"
"CRQ000000017084","SA_Change Management"
"CRQ000000017085","SA_Change Management"
"CRQ000000017087","SA_Change Management"
"CRQ000000017088","SA_Change Management"
"CRQ000000017089","SA_Change Management"
"CRQ000000017091","SA_Change Management"
"CRQ000000017093","SA_Change Management"
"CRQ000000017095","SA_Change Management"
"CRQ000000017096","SA_Change Management"
"CRQ000000017100","SA_Change Management"
"CRQ000000017101","SA_Change Management"
"CRQ000000017102","SA_Change Management"
"CRQ000000017103","SA_Change Management"
"CRQ000000017104","SA_Change Management"
"CRQ000000017105","SA_Change Management"
"CRQ000000017106","SA_Change Management"
"CRQ000000017107","SA_Change Management"
"CRQ000000017201","SA_Change Management"
"CRQ000000017202","SA_Change Management"
"CRQ000000017203","SA_Change Management"
"CRQ000000017204","SA_Change Management"
"CRQ000000017207","SA_Change Management"
"CRQ000000017210","SA_Change Management"
"CRQ000000017213","SA_Change Management"
"CRQ000000017215","SA_Change Management"
"CRQ000000017216","SA_Change Management"
"CRQ000000017217","SA_Change Management"
"CRQ000000017218","SA_Change Management"
"CRQ000000017219","SA_Change Management"
"CRQ000000017220","SA_Change Management"
"CRQ000000017221","SA_Change Management"
"CRQ000000017222","SA_Change Management"
"CRQ000000017226","SA_Change Management"
"CRQ000000017227","SA_Change Management"
"CRQ000000017229","SA_Change Management"
"CRQ000000017230","SA_Change Management"
"CRQ000000017231","SA_Change Management"
"CRQ000000017233","SA_Change Management"
"CRQ000000017234","SA_Change Management"
"CRQ000000017235","SA_Change Management"
"CRQ000000017237","SA_Change Management"
"CRQ000000017238","SA_Change Management"
"CRQ000000017239","SA_Change Management"
"CRQ000000017240","SA_Change Management"
"CRQ000000017241","SA_Change Management"
"CRQ000000017243","SA_Change Management"
"CRQ000000017244","SA_Change Management"
"CRQ000000017245","SA_Change Management"
"CRQ000000017246","SA_Change Management"
"CRQ000000017247","SA_Change Management"
"CRQ000000017248","SA_Change Management"
"CRQ000000017249","SA_Change Management"
"CRQ000000017250","SA_Change Management"
"CRQ000000017255","SA_Change Management"
"CRQ000000017256","SA_Change Management"
"CRQ000000017258","SA_Change Management"
"CRQ000000017260","SA_Change Management"
"CRQ000000017261","SA_Change Management"
"CRQ000000017262","SA_Change Management"
"CRQ000000017263","SA_Change Management"
"CRQ000000017265","SA_Change Management"
"CRQ000000017267","SA_Change Management"
"CRQ000000017268","SA_Change Management"
"CRQ000000017269","SA_Change Management"
"CRQ000000017270","SA_Change Management"
"CRQ000000017271","SA_Change Management"
"CRQ000000017272","SA_Change Management"
"CRQ000000017274","SA_Change Management"
"CRQ000000017278","SA_Change Management"
"CRQ000000017280","SA_Change Management"
"CRQ000000017284","SA_Change Management"
"CRQ000000017285","SA_Change Management"
"CRQ000000017287","SA_Change Management"
"CRQ000000017288","SA_Change Management"
"CRQ000000017291","SA_Change Management"
"CRQ000000017292","SA_Change Management"
"CRQ000000017294","SA_Change Management"
"CRQ000000017297","SA_Change Management"
"CRQ000000017296","SA_Change Management"
"CRQ000000017298","SA_Change Management"
"CRQ000000017299","SA_Change Management"
"CRQ000000017300","SA_Change Management"
"CRQ000000017301","SA_Change Management"
"CRQ000000017302","SA_Change Management"
"CRQ000000017303","SA_Change Management"
"CRQ000000017305","SA_Change Management"
"CRQ000000017310","SA_Change Management"
"CRQ000000017311","SA_Change Management"
"CRQ000000017313","SA_Change Management"
"CRQ000000017314","SA_Change Management"
"CRQ000000017315","SA_Change Management"
"CRQ000000017317","SA_Change Management"
"CRQ000000017318","SA_Change Management"
"CRQ000000017319","SA_Change Management"
"CRQ000000017320","SA_Change Management"
"CRQ000000017321","SA_Change Management"
"CRQ000000017322","SA_Change Management"
"CRQ000000017323","SA_Change Management"
"CRQ000000017324","SA_Change Management"
"CRQ000000017325","SA_Change Management"
"CRQ000000017326","SA_Change Management"
"CRQ000000017327","SA_Change Management"
"CRQ000000017330","SA_Change Management"
"CRQ000000017331","SA_Change Management"
"CRQ000000017332","SA_Change Management"
"CRQ000000017402","SA_Change Management"
"CRQ000000017403","SA_Change Management"
"CRQ000000017405","SA_Change Management"
"CRQ000000017406","SA_Change Management"
"CRQ000000017407","SA_Change Management"
"CRQ000000017408","SA_Change Management"
"CRQ000000017412","SA_Change Management"
"CRQ000000017414","SA_Change Management"
"CRQ000000017416","SA_Change Management"
"CRQ000000017417","SA_Change Management"
"CRQ000000017501","SA_Change Management"
"CRQ000000017502","SA_Change Management"
"CRQ000000017503","SA_Change Management"
"CRQ000000017505","SA_Change Management"
"CRQ000000017507","SA_Change Management"
"CRQ000000017508","SA_Change Management"
"CRQ000000017509","SA_Change Management"
"CRQ000000017510","SA_Change Management"
"CRQ000000017512","SA_Change Management"
"CRQ000000017516","SA_Change Management"
"CRQ000000017515","SA_Change Management"
"CRQ000000017517","SA_Change Management"
"CRQ000000017519","SA_Change Management"
"CRQ000000017521","SA_Change Management"
"CRQ000000017524","SA_Change Management"
"CRQ000000017525","SA_Change Management"
"CRQ000000017527","SA_Change Management"
"CRQ000000017528","SA_Change Management"
"CRQ000000017529","SA_Change Management"
"CRQ000000017530","SA_Change Management"
"CRQ000000017531","SA_Change Management"
"CRQ000000017533","SA_Change Management"
"CRQ000000017534","SA_Change Management"
"CRQ000000017535","SA_Change Management"
"CRQ000000017538","SA_Change Management"
"CRQ000000017542","SA_Change Management"
"CRQ000000017543","SA_Change Management"
"CRQ000000017544","SA_Change Management"
"CRQ000000017547","SA_Change Management"
"CRQ000000017550","SA_Change Management"
"CRQ000000017549","SA_Change Management"
"CRQ000000017551","SA_Change Management"
"CRQ000000017601","SA_Change Management"
"CRQ000000017602","SA_Change Management"
"CRQ000000017603","SA_Change Management"
"CRQ000000017604","SA_Change Management"
"CRQ000000017606","SA_Change Management"
"CRQ000000017607","SA_Change Management"
"CRQ000000017608","SA_Change Management"
"CRQ000000017609","SA_Change Management"
"CRQ000000017614","SA_Change Management"
"CRQ000000017617","SA_Change Management"
"CRQ000000017618","SA_Change Management"
"CRQ000000017619","SA_Change Management"
"CRQ000000017620","SA_Change Management"
"CRQ000000017621","SA_Change Management"
"CRQ000000017623","SA_Change Management"
"CRQ000000017624","SA_Change Management"
"CRQ000000017625","SA_Change Management"
"CRQ000000017626","SA_Change Management"
"CRQ000000017629","SA_Change Management"
"CRQ000000017631","SA_Change Management"
"CRQ000000017632","SA_Change Management"
"CRQ000000017633","SA_Change Management"
"CRQ000000017635","SA_Change Management"
"CRQ000000017636","SA_Change Management"
"CRQ000000017637","SA_Change Management"
"CRQ000000017638","SA_Change Management"
"CRQ000000017639","SA_Change Management"
"CRQ000000017640","SA_Change Management"
"CRQ000000017641","SA_Change Management"
"CRQ000000017642","SA_Change Management"
"CRQ000000017644","SA_Change Management"
"CRQ000000017647","SA_Change Management"
"CRQ000000017648","SA_Change Management"
"CRQ000000017650","SA_Change Management"
"CRQ000000017651","SA_Change Management"
"CRQ000000017652","SA_Change Management"
"CRQ000000017654","SA_Change Management"
"CRQ000000017653","SA_Change Management"
"CRQ000000017655","SA_Change Management"
"CRQ000000017656","SA_Change Management"
"CRQ000000017657","SA_Change Management"
"CRQ000000017658","SA_Change Management"
"CRQ000000017701","SA_Change Management"
"CRQ000000017703","SA_Change Management"
"CRQ000000017704","SA_Change Management"
"CRQ000000017801","SA_Change Management"
"CRQ000000017802","SA_Change Management"
"CRQ000000017803","SA_Change Management"
"CRQ000000017804","SA_Change Management"
"CRQ000000017805","SA_Change Management"
"CRQ000000017807","SA_Change Management"
"CRQ000000017808","SA_Change Management"
"CRQ000000017811","SA_Change Management"
"CRQ000000017809","SA_Change Management"
"CRQ000000017810","SA_Change Management"
"CRQ000000017812","SA_Change Management"
"CRQ000000017813","SA_Change Management"
"CRQ000000017814","SA_Change Management"
"CRQ000000017815","SA_Change Management"
"CRQ000000017816","SA_Change Management"
"CRQ000000017820","SA_Change Management"
"CRQ000000017821","SA_Change Management"
"CRQ000000017822","SA_Change Management"
"CRQ000000017823","SA_Change Management"
"CRQ000000017824","SA_Change Management"
"CRQ000000017825","SA_Change Management"
"CRQ000000017826","SA_Change Management"
"CRQ000000017827","SA_Change Management"
"CRQ000000017828","SA_Change Management"
"CRQ000000017830","SA_Change Management"
"CRQ000000017832","SA_Change Management"
"CRQ000000017836","SA_Change Management"
"CRQ000000017838","SA_Change Management"
"CRQ000000017837","SA_Change Management"
"CRQ000000017839","SA_Change Management"
"CRQ000000017840","SA_Change Management"
"CRQ000000017841","SA_Change Management"
"CRQ000000017842","SA_Change Management"
"CRQ000000017901","SA_Change Management"
"CRQ000000017902","SA_Change Management"
"CRQ000000017903","SA_Change Management"
"CRQ000000017905","SA_Change Management"
"CRQ000000017906","SA_Change Management"
"CRQ000000017907","SA_Change Management"
"CRQ000000018503","SA_Change Management"
"CRQ000000018504","SA_Change Management"
"CRQ000000018505","SA_Change Management"
"CRQ000000018507","SA_Change Management"
"CRQ000000018509","SA_Change Management"
"CRQ000000018508","SA_Change Management"
"CRQ000000018510","SA_Change Management"
"CRQ000000018701","SA_Change Management"
"CRQ000000018801","SA_Change Management"
"CRQ000000018802","SA_Change Management"
"CRQ000000018808","SA_Change Management"
"CRQ000000018809","SA_Change Management"
"CRQ000000018810","SA_Change Management"
"CRQ000000018811","SA_Change Management"
"CRQ000000018813","SA_Change Management"
"CRQ000000018814","SA_Change Management"
"CRQ000000018815","SA_Change Management"
"CRQ000000018818","SA_Change Management"
"CRQ000000018819","SA_Change Management"
"CRQ000000018821","SA_Change Management"
"CRQ000000018825","SA_Change Management"
"CRQ000000018827","SA_Change Management"
"CRQ000000018828","SA_Change Management"
"CRQ000000018829","SA_Change Management"
"CRQ000000018830","SA_Change Management"
"CRQ000000018831","SA_Change Management"
"CRQ000000018832","SA_Change Management"
"CRQ000000018833","SA_Change Management"
"CRQ000000018834","SA_Change Management"
"CRQ000000018837","SA_Change Management"
"CRQ000000018841","SA_Change Management"
"CRQ000000018903","SA_Change Management"
"CRQ000000019001","SA_Change Management"
"CRQ000000019101","SA_Change Management"
"CRQ000000019104","SA_Change Management"
"CRQ000000019105","SA_Change Management"
"CRQ000000019107","SA_Change Management"
"CRQ000000019106","SA_Change Management"
"CRQ000000019109","SA_Change Management"
"CRQ000000019110","SA_Change Management"
"CRQ000000019112","SA_Change Management"
"CRQ000000019114","SA_Change Management"
"CRQ000000019201","SA_Change Management"
"CRQ000000019204","SA_Change Management"
"CRQ000000019206","SA_Change Management"
"CRQ000000019208","SA_Change Management"
"CRQ000000019210","SA_Change Management"
"CRQ000000019212","SA_Change Management"
"CRQ000000019214","SA_Change Management"
"CRQ000000019215","SA_Change Management"
"CRQ000000019301","SA_Change Management"
"CRQ000000019302","SA_Change Management"
"CRQ000000019303","SA_Change Management"
"CRQ000000019401","SA_Change Management"
"CRQ000000019502","SA_Change Management"
"CRQ000000019503","SA_Change Management"
"CRQ000000019504","SA_Change Management"
"CRQ000000019506","SA_Change Management"
"CRQ000000019507","SA_Change Management"
"CRQ000000019509","SA_Change Management"
"CRQ000000019512","SA_Change Management"
"CRQ000000019514","SA_Change Management"
"CRQ000000019515","SA_Change Management"
"CRQ000000019516","SA_Change Management"
"CRQ000000019519","SA_Change Management"
"CRQ000000019521","SA_Change Management"
"CRQ000000019522","SA_Change Management"
"CRQ000000019524","SA_Change Management"
"CRQ000000019525","SA_Change Management"
"CRQ000000019527","SA_Change Management"
"CRQ000000019528","SA_Change Management"
"CRQ000000019529","SA_Change Management"
"CRQ000000019530","SA_Change Management"
"CRQ000000019531","SA_Change Management"
"CRQ000000019532","SA_Change Management"
"CRQ000000019534","SA_Change Management"
"CRQ000000019535","SA_Change Management"
"CRQ000000019537","SA_Change Management"
"CRQ000000019538","SA_Change Management"
"CRQ000000019539","SA_Change Management"
"CRQ000000019541","SA_Change Management"
"CRQ000000019542","SA_Change Management"
"CRQ000000019544","SA_Change Management"
"CRQ000000019545","SA_Change Management"
"CRQ000000019601","SA_Change Management"
"CRQ000000019605","SA_Change Management"
"CRQ000000019606","SA_Change Management"
"CRQ000000019607","SA_Change Management"
"CRQ000000019609","SA_Change Management"
"CRQ000000019610","SA_Change Management"
"CRQ000000019612","SA_Change Management"
"CRQ000000019613","SA_Change Management"
"CRQ000000019617","SA_Change Management"
"CRQ000000019618","SA_Change Management"
"CRQ000000019619","SA_Change Management"
"CRQ000000019620","SA_Change Management"
"CRQ000000019702","SA_Change Management"
"CRQ000000019703","SA_Change Management"
"CRQ000000019705","SA_Change Management"
"CRQ000000019706","SA_Change Management"
"CRQ000000019707","SA_Change Management"
"CRQ000000019708","SA_Change Management"
"CRQ000000019710","SA_Change Management"
"CRQ000000019713","SA_Change Management"
"CRQ000000019714","SA_Change Management"
"CRQ000000019715","SA_Change Management"
"CRQ000000019716","SA_Change Management"
"CRQ000000019719","SA_Change Management"
"CRQ000000019721","SA_Change Management"
"CRQ000000019723","SA_Change Management"
"CRQ000000019724","SA_Change Management"
"CRQ000000019725","SA_Change Management"
"CRQ000000019726","SA_Change Management"
"CRQ000000019727","SA_Change Management"
"CRQ000000019728","SA_Change Management"
"CRQ000000019729","SA_Change Management"
"CRQ000000019730","SA_Change Management"
"CRQ000000019731","SA_Change Management"
"CRQ000000019732","SA_Change Management"
"CRQ000000019733","SA_Change Management"
"CRQ000000019735","SA_Change Management"
"CRQ000000019736","SA_Change Management"
"CRQ000000019737","SA_Change Management"
"CRQ000000019740","SA_Change Management"
"CRQ000000019741","SA_Change Management"
"CRQ000000019742","SA_Change Management"
"CRQ000000019744","SA_Change Management"
"CRQ000000019745","SA_Change Management"
"CRQ000000019746","SA_Change Management"
"CRQ000000019747","SA_Change Management"
"CRQ000000019750","SA_Change Management"
"CRQ000000019753","SA_Change Management"
"CRQ000000019754","SA_Change Management"
"CRQ000000019755","SA_Change Management"
"CRQ000000019756","SA_Change Management"
"CRQ000000019757","SA_Change Management"
"CRQ000000019759","SA_Change Management"
"CRQ000000019760","SA_Change Management"
"CRQ000000019761","SA_Change Management"
"CRQ000000019763","SA_Change Management"
"CRQ000000019764","SA_Change Management"
"CRQ000000019765","SA_Change Management"
"CRQ000000019766","SA_Change Management"
"CRQ000000019767","SA_Change Management"
"CRQ000000019768","SA_Change Management"
"CRQ000000019769","SA_Change Management"
"CRQ000000019770","SA_Change Management"
"CRQ000000019771","SA_Change Management"
"CRQ000000019772","SA_Change Management"
"CRQ000000019773","SA_Change Management"
"CRQ000000019775","SA_Change Management"
"CRQ000000019776","SA_Change Management"
"CRQ000000019777","SA_Change Management"
"CRQ000000019778","SA_Change Management"
"CRQ000000019779","SA_Change Management"
"CRQ000000019780","SA_Change Management"
"CRQ000000019801","SA_Change Management"
"CRQ000000019804","SA_Change Management"
"CRQ000000019805","SA_Change Management"
"CRQ000000019808","SA_Change Management"
"CRQ000000019810","SA_Change Management"
"CRQ000000019812","SA_Change Management"
"CRQ000000019813","SA_Change Management"
"CRQ000000019814","SA_Change Management"
"CRQ000000019815","SA_Change Management"
"CRQ000000019816","SA_Change Management"
"CRQ000000019819","SA_Change Management"
"CRQ000000019820","SA_Change Management"
"CRQ000000019821","SA_Change Management"
"CRQ000000019822","SA_Change Management"
"CRQ000000019824","SA_Change Management"
"CRQ000000019827","SA_Change Management"
"CRQ000000019828","SA_Change Management"
"CRQ000000019829","SA_Change Management"
"CRQ000000019830","SA_Change Management"
"CRQ000000019832","SA_Change Management"
"CRQ000000019834","SA_Change Management"
"CRQ000000019836","SA_Change Management"
"CRQ000000019837","SA_Change Management"
"CRQ000000019838","SA_Change Management"
"CRQ000000019839","SA_Change Management"
"CRQ000000019840","SA_Change Management"
"CRQ000000019842","SA_Change Management"
"CRQ000000019844","SA_Change Management"
"CRQ000000019845","SA_Change Management"
"CRQ000000019847","SA_Change Management"
"CRQ000000019848","SA_Change Management"
"CRQ000000019849","SA_Change Management"
"CRQ000000019850","SA_Change Management"
"CRQ000000019901","SA_Change Management"
"CRQ000000019902","SA_Change Management"
"CRQ000000019903","SA_Change Management"
"CRQ000000019904","SA_Change Management"
"CRQ000000019905","SA_Change Management"
"CRQ000000019906","SA_Change Management"
"CRQ000000019907","SA_Change Management"
"CRQ000000019908","SA_Change Management"
"CRQ000000019909","SA_Change Management"
"CRQ000000019910","SA_Change Management"
"CRQ000000019915","SA_Change Management"
"CRQ000000020001","SA_Change Management"
"CRQ000000020002","SA_Change Management"
"CRQ000000020003","SA_Change Management"
"CRQ000000020005","SA_Change Management"
"CRQ000000020004","SA_Change Management"
"CRQ000000020006","SA_Change Management"
"CRQ000000020007","SA_Change Management"
"CRQ000000020008","SA_Change Management"
"CRQ000000020011","SA_Change Management"
"CRQ000000020012","SA_Change Management"
"CRQ000000020013","SA_Change Management"
"CRQ000000020014","SA_Change Management"
"CRQ000000020015","SA_Change Management"
"CRQ000000020016","SA_Change Management"
"CRQ000000020017","SA_Change Management"
"CRQ000000020018","SA_Change Management"
"CRQ000000020020","SA_Change Management"
"CRQ000000020021","SA_Change Management"
"CRQ000000020022","SA_Change Management"
"CRQ000000020023","SA_Change Management"
"CRQ000000020024","SA_Change Management"
"CRQ000000020025","SA_Change Management"
"CRQ000000020026","SA_Change Management"
"CRQ000000020027","SA_Change Management"
"CRQ000000020029","SA_Change Management"
"CRQ000000020030","SA_Change Management"
"CRQ000000020032","SA_Change Management"
"CRQ000000020033","SA_Change Management"
"CRQ000000020103","SA_Change Management"
"CRQ000000020104","SA_Change Management"
"CRQ000000020105","SA_Change Management"
"CRQ000000020107","SA_Change Management"
"CRQ000000020106","SA_Change Management"
"CRQ000000020108","SA_Change Management"
"CRQ000000020109","SA_Change Management"
"CRQ000000020110","SA_Change Management"
"CRQ000000020112","SA_Change Management"
"CRQ000000020113","SA_Change Management"
"CRQ000000020115","SA_Change Management"
"CRQ000000020118","SA_Change Management"
"CRQ000000020119","SA_Change Management"
"CRQ000000020117","SA_Change Management"
"CRQ000000020120","SA_Change Management"
"CRQ000000020121","SA_Change Management"
"CRQ000000020123","SA_Change Management"
"CRQ000000020124","SA_Change Management"
"CRQ000000020125","SA_Change Management"
"CRQ000000020201","SA_Change Management"
"CRQ000000020202","SA_Change Management"
"CRQ000000020203","SA_Change Management"
"CRQ000000020204","SA_Change Management"
"CRQ000000020301","SA_Change Management"
"CRQ000000020305","SA_Change Management"
"CRQ000000020306","SA_Change Management"
"CRQ000000020307","SA_Change Management"
"CRQ000000020308","SA_Change Management"
"CRQ000000020310","SA_Change Management"
"CRQ000000020312","SA_Change Management"
"CRQ000000020313","SA_Change Management"
"CRQ000000020314","SA_Change Management"
"CRQ000000020318","SA_Change Management"
"CRQ000000020320","SA_Change Management"
"CRQ000000020321","SA_Change Management"
"CRQ000000020322","SA_Change Management"
"CRQ000000020324","SA_Change Management"
"CRQ000000020325","SA_Change Management"
"CRQ000000020326","SA_Change Management"
"CRQ000000020327","SA_Change Management"
"CRQ000000020333","SA_Change Management"
"CRQ000000020335","SA_Change Management"
"CRQ000000020336","SA_Change Management"
"CRQ000000020337","SA_Change Management"
"CRQ000000020338","SA_Change Management"
"CRQ000000020339","SA_Change Management"
"CRQ000000020341","SA_Change Management"
"CRQ000000020342","SA_Change Management"
"CRQ000000020343","SA_Change Management"
"CRQ000000020344","SA_Change Management"
"CRQ000000020402","SA_Change Management"
"CRQ000000020404","SA_Change Management"
"CRQ000000020403","SA_Change Management"
"CRQ000000020405","SA_Change Management"
"CRQ000000020406","SA_Change Management"
"CRQ000000020407","SA_Change Management"
"CRQ000000020408","SA_Change Management"
"CRQ000000020409","SA_Change Management"
"CRQ000000020410","SA_Change Management"
"CRQ000000020412","SA_Change Management"
"CRQ000000020413","SA_Change Management"
"CRQ000000020414","SA_Change Management"
"CRQ000000020415","SA_Change Management"
"CRQ000000020416","SA_Change Management"
"CRQ000000020417","SA_Change Management"
"CRQ000000020418","SA_Change Management"
"CRQ000000020419","SA_Change Management"
"CRQ000000020420","SA_Change Management"
"CRQ000000020421","SA_Change Management"
"CRQ000000020422","SA_Change Management"
"CRQ000000020423","SA_Change Management"
"CRQ000000020427","SA_Change Management"
"CRQ000000020428","SA_Change Management"
"CRQ000000020429","SA_Change Management"
"CRQ000000020430","SA_Change Management"
"CRQ000000020432","SA_Change Management"
"CRQ000000020433","SA_Change Management"
"CRQ000000020434","SA_Change Management"
"CRQ000000020435","SA_Change Management"
"CRQ000000020436","SA_Change Management"
"CRQ000000020437","SA_Change Management"
"CRQ000000020501","SA_Change Management"
"CRQ000000020502","SA_Change Management"
"CRQ000000020503","SA_Change Management"
"CRQ000000020504","SA_Change Management"
"CRQ000000020507","SA_Change Management"
"CRQ000000020508","SA_Change Management"
"CRQ000000020509","SA_Change Management"
"CRQ000000020510","SA_Change Management"
"CRQ000000020511","SA_Change Management"
"CRQ000000020512","SA_Change Management"
"CRQ000000020513","SA_Change Management"
"CRQ000000020514","SA_Change Management"
"CRQ000000020515","SA_Change Management"
"CRQ000000020518","SA_Change Management"
"CRQ000000020520","SA_Change Management"
"CRQ000000020521","SA_Change Management"
"CRQ000000020601","SA_Change Management"
"CRQ000000020602","SA_Change Management"
"CRQ000000020604","SA_Change Management"
"CRQ000000020605","SA_Change Management"
"CRQ000000020608","SA_Change Management"
"CRQ000000020609","SA_Change Management"
"CRQ000000020610","SA_Change Management"
"CRQ000000020611","SA_Change Management"
"CRQ000000020701","SA_Change Management"
"CRQ000000020702","SA_Change Management"
"CRQ000000020704","SA_Change Management"
"CRQ000000020706","SA_Change Management"
"CRQ000000020707","SA_Change Management"
"CRQ000000020708","SA_Change Management"
"CRQ000000020709","SA_Change Management"
"CRQ000000020710","SA_Change Management"
"CRQ000000020711","SA_Change Management"
"CRQ000000020712","SA_Change Management"
"CRQ000000020713","SA_Change Management"
"CRQ000000020714","SA_Change Management"
"CRQ000000020715","SA_Change Management"
"CRQ000000020716","SA_Change Management"
"CRQ000000020718","SA_Change Management"
"CRQ000000020719","SA_Change Management"
"CRQ000000020720","SA_Change Management"
"CRQ000000020721","SA_Change Management"
"CRQ000000020723","SA_Change Management"
"CRQ000000020724","SA_Change Management"
"CRQ000000020725","SA_Change Management"
"CRQ000000020726","SA_Change Management"
"CRQ000000020801","SA_Change Management"
"CRQ000000020804","SA_Change Management"
"CRQ000000020805","SA_Change Management"
"CRQ000000020806","SA_Change Management"
"CRQ000000020807","SA_Change Management"
"CRQ000000020810","SA_Change Management"
"CRQ000000020813","SA_Change Management"
"CRQ000000020814","SA_Change Management"
"CRQ000000020816","SA_Change Management"
"CRQ000000020817","SA_Change Management"
"CRQ000000020902","SA_Change Management"
"CRQ000000021004","SA_Change Management"
"CRQ000000021005","SA_Change Management"
"CRQ000000021008","SA_Change Management"
"CRQ000000021009","SA_Change Management"
"CRQ000000021010","SA_Change Management"
"CRQ000000021011","SA_Change Management"
"CRQ000000021101","SA_Change Management"
"CRQ000000021102","SA_Change Management"
"CRQ000000021103","SA_Change Management"
"CRQ000000021203","SA_Change Management"
"CRQ000000021204","SA_Change Management"
"CRQ000000021205","SA_Change Management"
"CRQ000000021211","SA_Change Management"
"CRQ000000021212","SA_Change Management"
"CRQ000000021213","SA_Change Management"
"CRQ000000021214","SA_Change Management"
"CRQ000000021215","SA_Change Management"
"CRQ000000021216","SA_Change Management"
"CRQ000000021217","SA_Change Management"
"CRQ000000021219","SA_Change Management"
"CRQ000000021221","SA_Change Management"
"CRQ000000021222","SA_Change Management"
"CRQ000000021223","SA_Change Management"
"CRQ000000021224","SA_Change Management"
"CRQ000000021226","SA_Change Management"
"CRQ000000021227","SA_Change Management"
"CRQ000000021229","SA_Change Management"
"CRQ000000021230","SA_Change Management"
"CRQ000000021231","SA_Change Management"
"CRQ000000021233","SA_Change Management"
"CRQ000000021232","SA_Change Management"
"CRQ000000021235","SA_Change Management"
"CRQ000000021237","SA_Change Management"
"CRQ000000021238","SA_Change Management"
"CRQ000000021248","SA_Change Management"
"CRQ000000021249","SA_Change Management"
"CRQ000000021250","SA_Change Management"
"CRQ000000021254","SA_Change Management"
"CRQ000000021268","SA_Change Management"
"CRQ000000021274","SA_Change Management"
"CRQ000000021275","SA_Change Management"
"CRQ000000021276","SA_Change Management"
"CRQ000000021277","SA_Change Management"
"CRQ000000021278","SA_Change Management"
"CRQ000000021279","SA_Change Management"
"CRQ000000021280","SA_Change Management"
"CRQ000000021281","SA_Change Management"
"CRQ000000021282","SA_Change Management"
"CRQ000000021283","SA_Change Management"
"CRQ000000021284","SA_Change Management"
"CRQ000000021290","SA_Change Management"
"CRQ000000021291","SA_Change Management"
"CRQ000000021292","SA_Change Management"
"CRQ000000021293","SA_Change Management"
"CRQ000000021295","SA_Change Management"
"CRQ000000021303","SA_Change Management"
"CRQ000000021306","SA_Change Management"
